{"cameraMode":{"drawMode":0,"name":"Shaded","section":"Shading Mode"},"sceneLighting":true,"audioPlay":false,"sceneViewState":{"m_AlwaysRefresh":false,"showFog":true,"showSkybox":true,"showFlares":true,"showImageEffects":true,"showParticleSystems":true,"showVisualEffectGraphs":true,"m_FxEnabled":true},"in2DMode":false,"pivot":{"x":6.725613594055176,"y":-8.217378616333008,"z":40.61717224121094},"rotation":{"x":0.1032177209854126,"y":0.04325374215841293,"z":-0.0044928621500730518,"w":0.993709146976471},"size":1333.4862060546875,"orthographic":false}