{"cameraMode":{"drawMode":0,"name":"Shaded","section":"Shading Mode"},"sceneLighting":false,"audioPlay":false,"sceneViewState":{"m_AlwaysRefresh":false,"showFog":true,"showSkybox":false,"showFlares":true,"showImageEffects":true,"showParticleSystems":true,"showVisualEffectGraphs":true,"m_FxEnabled":true},"in2DMode":false,"pivot":{"x":11.050000190734864,"y":1.8676354885101319,"z":0.9043021202087402},"rotation":{"x":-0.06321722269058228,"y":-0.03981190547347069,"z":0.00252324715256691,"w":-0.9972085952758789},"size":0.8660253882408142,"orthographic":false}